{"Abs Rel": 0.09456027744062098, "Sq Rel": 0.1043963588067133, "RMSE": 0.3913729275718273, "Log RMSE": 0.1926109388366463, "\u03b4 < 1.": 0.0, "\u03b4 < 1.25": 0.9438728094100952, "\u03b4 < 1.25^2": 0.9576378464698792, "\u03b4 < 1.25^3": 0.9666449427604675}