{"Abs Rel": 0.05202537034015941, "Sq Rel": 0.03415518603692302, "RMSE": 0.25486002632834553, "Log RMSE": 0.1137469142297103, "\u03b4 < 1.": 0.0, "\u03b4 < 1.25": 0.9708357445520793, "\u03b4 < 1.25^2": 0.9833448646294797, "\u03b4 < 1.25^3": 0.9892609174302307}