{
  "summary": {
    "num_sequences_total": 5,
    "num_sequences_ok": 5,
    "num_sequences_oom_skip": 0,
    "num_sequences_other_skip": 0,
    "total_frames": 550,
    "total_elapsed_sec": 91.59111147373915,
    "overall_fps": 6.004949510386661,
    "avg_latency_ms_per_frame": 166.52929358861664,
    "max_peak_allocated_mb": 10446.95068359375,
    "max_peak_reserved_mb": 11340.0,
    "kv_evicted_tokens_total": 12650400.0,
    "kv_evict_calls_total": 12600.0,
    "kv_appended_tokens_total": 13252800.0,
    "kv_reused_tokens_total": 64456800.0,
    "kv_cache_hit_rate": 0.8294573643410853
  },
  "per_sequence": [
    {
      "sequence": "balloon2",
      "status": "ok",
      "num_frames": 110,
      "elapsed_sec": 18.75880031660199,
      "fps": 5.8639144371427285,
      "latency_ms_per_frame": 170.53454833274537,
      "peak_allocated_mb": 9167.10546875,
      "peak_reserved_mb": 9736.0,
      "kv_total_layers": 24.0,
      "kv_obcache_layers": 24.0,
      "kv_has_obcache_stats": 1.0,
      "kv_cache_tokens_mean": 5020.0,
      "kv_cache_tokens_min": 5020.0,
      "kv_cache_tokens_max": 5020.0,
      "kv_max_seq_len_seen": 6024.0,
      "kv_evict_calls": 2520.0,
      "kv_evicted_tokens_total": 2530080.0,
      "kv_appended_tokens_total": 2650560.0,
      "kv_reused_tokens_total": 12891360.0,
      "kv_cache_hit_rate": 0.8294573643410853
    },
    {
      "sequence": "crowd2",
      "status": "ok",
      "num_frames": 110,
      "elapsed_sec": 18.256496028974652,
      "fps": 6.025252590936421,
      "latency_ms_per_frame": 165.9681457179514,
      "peak_allocated_mb": 10437.0068359375,
      "peak_reserved_mb": 11194.0,
      "kv_total_layers": 24.0,
      "kv_obcache_layers": 24.0,
      "kv_has_obcache_stats": 1.0,
      "kv_cache_tokens_mean": 5020.0,
      "kv_cache_tokens_min": 5020.0,
      "kv_cache_tokens_max": 5020.0,
      "kv_max_seq_len_seen": 6024.0,
      "kv_evict_calls": 2520.0,
      "kv_evicted_tokens_total": 2530080.0,
      "kv_appended_tokens_total": 2650560.0,
      "kv_reused_tokens_total": 12891360.0,
      "kv_cache_hit_rate": 0.8294573643410853
    },
    {
      "sequence": "crowd3",
      "status": "ok",
      "num_frames": 110,
      "elapsed_sec": 18.256325839087367,
      "fps": 6.025308759799112,
      "latency_ms_per_frame": 165.9665985371579,
      "peak_allocated_mb": 10445.4736328125,
      "peak_reserved_mb": 11292.0,
      "kv_total_layers": 24.0,
      "kv_obcache_layers": 24.0,
      "kv_has_obcache_stats": 1.0,
      "kv_cache_tokens_mean": 5020.0,
      "kv_cache_tokens_min": 5020.0,
      "kv_cache_tokens_max": 5020.0,
      "kv_max_seq_len_seen": 6024.0,
      "kv_evict_calls": 2520.0,
      "kv_evicted_tokens_total": 2530080.0,
      "kv_appended_tokens_total": 2650560.0,
      "kv_reused_tokens_total": 12891360.0,
      "kv_cache_hit_rate": 0.8294573643410853
    },
    {
      "sequence": "person_tracking2",
      "status": "ok",
      "num_frames": 110,
      "elapsed_sec": 18.172701995819807,
      "fps": 6.053034932576502,
      "latency_ms_per_frame": 165.20638178018007,
      "peak_allocated_mb": 10432.02783203125,
      "peak_reserved_mb": 11340.0,
      "kv_total_layers": 24.0,
      "kv_obcache_layers": 24.0,
      "kv_has_obcache_stats": 1.0,
      "kv_cache_tokens_mean": 5020.0,
      "kv_cache_tokens_min": 5020.0,
      "kv_cache_tokens_max": 5020.0,
      "kv_max_seq_len_seen": 6024.0,
      "kv_evict_calls": 2520.0,
      "kv_evicted_tokens_total": 2530080.0,
      "kv_appended_tokens_total": 2650560.0,
      "kv_reused_tokens_total": 12891360.0,
      "kv_cache_hit_rate": 0.8294573643410853
    },
    {
      "sequence": "synchronous",
      "status": "ok",
      "num_frames": 110,
      "elapsed_sec": 18.14678729325533,
      "fps": 6.06167903014348,
      "latency_ms_per_frame": 164.97079357504845,
      "peak_allocated_mb": 10446.95068359375,
      "peak_reserved_mb": 11340.0,
      "kv_total_layers": 24.0,
      "kv_obcache_layers": 24.0,
      "kv_has_obcache_stats": 1.0,
      "kv_cache_tokens_mean": 5020.0,
      "kv_cache_tokens_min": 5020.0,
      "kv_cache_tokens_max": 5020.0,
      "kv_max_seq_len_seen": 6024.0,
      "kv_evict_calls": 2520.0,
      "kv_evicted_tokens_total": 2530080.0,
      "kv_appended_tokens_total": 2650560.0,
      "kv_reused_tokens_total": 12891360.0,
      "kv_cache_hit_rate": 0.8294573643410853
    }
  ]
}