{"Abs Rel": 0.03575707281185784, "Sq Rel": 0.013479753655892327, "RMSE": 0.18709298910771818, "Log RMSE": 0.08003390242710727, "\u03b4 < 1.": 0.0, "\u03b4 < 1.25": 0.9866201683092937, "\u03b4 < 1.25^2": 0.9917768837537371, "\u03b4 < 1.25^3": 0.9947921015672748}