{"Abs Rel": 0.1722965401731907, "Sq Rel": 0.930124545233283, "RMSE": 4.958088963386718, "Log RMSE": 0.2167267673349833, "\u03b4 < 1.": 0.0, "\u03b4 < 1.25": 0.7241017004843846, "\u03b4 < 1.25^2": 0.9447373725633813, "\u03b4 < 1.25^3": 0.9929939727790204}