{
  "summary": {
    "num_sequences_total": 13,
    "num_sequences_ok": 13,
    "num_sequences_oom_skip": 0,
    "num_sequences_other_skip": 0,
    "total_frames": 1269,
    "total_elapsed_sec": 237.807241640985,
    "overall_fps": 5.336254654161438,
    "avg_latency_ms_per_frame": 187.39735353899528,
    "max_peak_allocated_mb": 13810.20361328125,
    "max_peak_reserved_mb": 19360.0,
    "kv_evicted_tokens_total": 0.0,
    "kv_evict_calls_total": 0.0,
    "kv_appended_tokens_total": 12547872.0,
    "kv_reused_tokens_total": 623270304.0,
    "kv_cache_hit_rate": 0.9802649995334515
  },
  "per_sequence": [
    {
      "sequence": "2011_09_26_drive_0002_sync_02",
      "status": "ok",
      "num_frames": 67,
      "elapsed_sec": 12.577977329492569,
      "fps": 5.326770612227123,
      "latency_ms_per_frame": 187.73100491779954,
      "peak_allocated_mb": 11032.27197265625,
      "peak_reserved_mb": 14478.0,
      "kv_total_layers": 24.0,
      "kv_tracked_layers": 24.0,
      "kv_cache_tokens_mean": 27604.0,
      "kv_cache_tokens_min": 27604.0,
      "kv_cache_tokens_max": 27604.0,
      "kv_max_seq_len_seen": 27604.0,
      "kv_evict_calls": 0.0,
      "kv_evicted_tokens_total": 0.0,
      "kv_appended_tokens_total": 662496.0,
      "kv_reused_tokens_total": 21862368.0,
      "kv_cache_hit_rate": 0.9705882352941176
    },
    {
      "sequence": "2011_09_26_drive_0005_sync_02",
      "status": "ok",
      "num_frames": 110,
      "elapsed_sec": 20.5438942220062,
      "fps": 5.354388939667059,
      "latency_ms_per_frame": 186.76267474551094,
      "peak_allocated_mb": 13808.09033203125,
      "peak_reserved_mb": 19270.0,
      "kv_total_layers": 24.0,
      "kv_tracked_layers": 24.0,
      "kv_cache_tokens_mean": 45320.0,
      "kv_cache_tokens_min": 45320.0,
      "kv_cache_tokens_max": 45320.0,
      "kv_max_seq_len_seen": 45320.0,
      "kv_evict_calls": 0.0,
      "kv_evicted_tokens_total": 0.0,
      "kv_appended_tokens_total": 1087680.0,
      "kv_reused_tokens_total": 59278560.0,
      "kv_cache_hit_rate": 0.9819819819819819
    },
    {
      "sequence": "2011_09_26_drive_0013_sync_02",
      "status": "ok",
      "num_frames": 110,
      "elapsed_sec": 20.862328980118036,
      "fps": 5.272661556858338,
      "latency_ms_per_frame": 189.65753618289125,
      "peak_allocated_mb": 13805.00439453125,
      "peak_reserved_mb": 19244.0,
      "kv_total_layers": 24.0,
      "kv_tracked_layers": 24.0,
      "kv_cache_tokens_mean": 45320.0,
      "kv_cache_tokens_min": 45320.0,
      "kv_cache_tokens_max": 45320.0,
      "kv_max_seq_len_seen": 45320.0,
      "kv_evict_calls": 0.0,
      "kv_evicted_tokens_total": 0.0,
      "kv_appended_tokens_total": 1087680.0,
      "kv_reused_tokens_total": 59278560.0,
      "kv_cache_hit_rate": 0.9819819819819819
    },
    {
      "sequence": "2011_09_26_drive_0020_sync_02",
      "status": "ok",
      "num_frames": 76,
      "elapsed_sec": 12.54687257297337,
      "fps": 6.057286352274593,
      "latency_ms_per_frame": 165.0904285917549,
      "peak_allocated_mb": 11610.10595703125,
      "peak_reserved_mb": 15698.0,
      "kv_total_layers": 24.0,
      "kv_tracked_layers": 24.0,
      "kv_cache_tokens_mean": 31312.0,
      "kv_cache_tokens_min": 31312.0,
      "kv_cache_tokens_max": 31312.0,
      "kv_max_seq_len_seen": 31312.0,
      "kv_evict_calls": 0.0,
      "kv_evicted_tokens_total": 0.0,
      "kv_appended_tokens_total": 751488.0,
      "kv_reused_tokens_total": 28180800.0,
      "kv_cache_hit_rate": 0.974025974025974
    },
    {
      "sequence": "2011_09_26_drive_0023_sync_02",
      "status": "ok",
      "num_frames": 110,
      "elapsed_sec": 18.912945905700326,
      "fps": 5.816121959448221,
      "latency_ms_per_frame": 171.93587187000296,
      "peak_allocated_mb": 13805.00439453125,
      "peak_reserved_mb": 19266.0,
      "kv_total_layers": 24.0,
      "kv_tracked_layers": 24.0,
      "kv_cache_tokens_mean": 45320.0,
      "kv_cache_tokens_min": 45320.0,
      "kv_cache_tokens_max": 45320.0,
      "kv_max_seq_len_seen": 45320.0,
      "kv_evict_calls": 0.0,
      "kv_evicted_tokens_total": 0.0,
      "kv_appended_tokens_total": 1087680.0,
      "kv_reused_tokens_total": 59278560.0,
      "kv_cache_hit_rate": 0.9819819819819819
    },
    {
      "sequence": "2011_09_26_drive_0036_sync_02",
      "status": "ok",
      "num_frames": 110,
      "elapsed_sec": 19.221308391541243,
      "fps": 5.722815417102819,
      "latency_ms_per_frame": 174.73916719582948,
      "peak_allocated_mb": 13810.20361328125,
      "peak_reserved_mb": 19330.0,
      "kv_total_layers": 24.0,
      "kv_tracked_layers": 24.0,
      "kv_cache_tokens_mean": 45320.0,
      "kv_cache_tokens_min": 45320.0,
      "kv_cache_tokens_max": 45320.0,
      "kv_max_seq_len_seen": 45320.0,
      "kv_evict_calls": 0.0,
      "kv_evicted_tokens_total": 0.0,
      "kv_appended_tokens_total": 1087680.0,
      "kv_reused_tokens_total": 59278560.0,
      "kv_cache_hit_rate": 0.9819819819819819
    },
    {
      "sequence": "2011_09_26_drive_0079_sync_02",
      "status": "ok",
      "num_frames": 90,
      "elapsed_sec": 14.98592839948833,
      "fps": 6.005633925427864,
      "latency_ms_per_frame": 166.51031554987034,
      "peak_allocated_mb": 12504.12548828125,
      "peak_reserved_mb": 17014.0,
      "kv_total_layers": 24.0,
      "kv_tracked_layers": 24.0,
      "kv_cache_tokens_mean": 37080.0,
      "kv_cache_tokens_min": 37080.0,
      "kv_cache_tokens_max": 37080.0,
      "kv_max_seq_len_seen": 37080.0,
      "kv_evict_calls": 0.0,
      "kv_evicted_tokens_total": 0.0,
      "kv_appended_tokens_total": 889920.0,
      "kv_reused_tokens_total": 39601440.0,
      "kv_cache_hit_rate": 0.978021978021978
    },
    {
      "sequence": "2011_09_26_drive_0095_sync_02",
      "status": "ok",
      "num_frames": 110,
      "elapsed_sec": 21.149209355935454,
      "fps": 5.2011400591260815,
      "latency_ms_per_frame": 192.26553959941322,
      "peak_allocated_mb": 13810.09033203125,
      "peak_reserved_mb": 19302.0,
      "kv_total_layers": 24.0,
      "kv_tracked_layers": 24.0,
      "kv_cache_tokens_mean": 45320.0,
      "kv_cache_tokens_min": 45320.0,
      "kv_cache_tokens_max": 45320.0,
      "kv_max_seq_len_seen": 45320.0,
      "kv_evict_calls": 0.0,
      "kv_evicted_tokens_total": 0.0,
      "kv_appended_tokens_total": 1087680.0,
      "kv_reused_tokens_total": 59278560.0,
      "kv_cache_hit_rate": 0.9819819819819819
    },
    {
      "sequence": "2011_09_26_drive_0113_sync_02",
      "status": "ok",
      "num_frames": 77,
      "elapsed_sec": 15.206280708312988,
      "fps": 5.063697131271919,
      "latency_ms_per_frame": 197.48416504302583,
      "peak_allocated_mb": 11672.75244140625,
      "peak_reserved_mb": 15710.0,
      "kv_total_layers": 24.0,
      "kv_tracked_layers": 24.0,
      "kv_cache_tokens_mean": 31724.0,
      "kv_cache_tokens_min": 31724.0,
      "kv_cache_tokens_max": 31724.0,
      "kv_max_seq_len_seen": 31724.0,
      "kv_evict_calls": 0.0,
      "kv_evicted_tokens_total": 0.0,
      "kv_appended_tokens_total": 761376.0,
      "kv_reused_tokens_total": 28932288.0,
      "kv_cache_hit_rate": 0.9743589743589743
    },
    {
      "sequence": "2011_09_28_drive_0037_sync_02",
      "status": "ok",
      "num_frames": 79,
      "elapsed_sec": 15.74036897905171,
      "fps": 5.018942065788817,
      "latency_ms_per_frame": 199.24517695002163,
      "peak_allocated_mb": 11824.23291015625,
      "peak_reserved_mb": 16132.0,
      "kv_total_layers": 24.0,
      "kv_tracked_layers": 24.0,
      "kv_cache_tokens_mean": 32548.0,
      "kv_cache_tokens_min": 32548.0,
      "kv_cache_tokens_max": 32548.0,
      "kv_max_seq_len_seen": 32548.0,
      "kv_evict_calls": 0.0,
      "kv_evicted_tokens_total": 0.0,
      "kv_appended_tokens_total": 781152.0,
      "kv_reused_tokens_total": 30464928.0,
      "kv_cache_hit_rate": 0.975
    },
    {
      "sequence": "2011_09_29_drive_0026_sync_02",