{"Abs Rel": 0.05359024740413022, "Sq Rel": 0.03506023403892896, "RMSE": 0.2548167022140374, "Log RMSE": 0.11368940200895306, "\u03b4 < 1.": 0.0, "\u03b4 < 1.25": 0.9716209913254945, "\u03b4 < 1.25^2": 0.9838424310325155, "\u03b4 < 1.25^3": 0.989444827772927}