{
  "summary": {
    "num_sequences_total": 5,
    "num_sequences_ok": 5,
    "num_sequences_oom_skip": 0,
    "num_sequences_other_skip": 0,
    "total_frames": 550,
    "total_elapsed_sec": 82.19025710597634,
    "overall_fps": 6.691790722723114,
    "avg_latency_ms_per_frame": 149.43683110177517,
    "max_peak_allocated_mb": 10606.2607421875,
    "max_peak_reserved_mb": 12214.0,
    "kv_evicted_tokens_total": 12529920.0,
    "kv_evict_calls_total": 6240.0,
    "kv_appended_tokens_total": 13252800.0,
    "kv_reused_tokens_total": 70721760.0,
    "kv_cache_hit_rate": 0.8421807747489239
  },
  "per_sequence": [
    {
      "sequence": "balloon2",
      "status": "ok",
      "num_frames": 110,
      "elapsed_sec": 16.84469592384994,
      "fps": 6.530245514509646,
      "latency_ms_per_frame": 153.13359930772674,
      "peak_allocated_mb": 9314.626953125,
      "peak_reserved_mb": 10784.0,
      "kv_total_layers": 24.0,
      "kv_obcache_layers": 24.0,
      "kv_has_obcache_stats": 1.0,
      "kv_cache_tokens_mean": 6024.0,
      "kv_cache_tokens_min": 6024.0,
      "kv_cache_tokens_max": 6024.0,
      "kv_max_seq_len_seen": 7028.0,
      "kv_evict_calls": 1248.0,
      "kv_evicted_tokens_total": 2505984.0,
      "kv_appended_tokens_total": 2650560.0,
      "kv_reused_tokens_total": 14144352.0,
      "kv_cache_hit_rate": 0.8421807747489239
    },
    {
      "sequence": "crowd2",
      "status": "ok",
      "num_frames": 110,
      "elapsed_sec": 16.29757171869278,
      "fps": 6.749471755588816,
      "latency_ms_per_frame": 148.15974289720708,
      "peak_allocated_mb": 10568.42919921875,
      "peak_reserved_mb": 12214.0,
      "kv_total_layers": 24.0,
      "kv_obcache_layers": 24.0,
      "kv_has_obcache_stats": 1.0,
      "kv_cache_tokens_mean": 6024.0,
      "kv_cache_tokens_min": 6024.0,
      "kv_cache_tokens_max": 6024.0,
      "kv_max_seq_len_seen": 7028.0,
      "kv_evict_calls": 1248.0,
      "kv_evicted_tokens_total": 2505984.0,
      "kv_appended_tokens_total": 2650560.0,
      "kv_reused_tokens_total": 14144352.0,
      "kv_cache_hit_rate": 0.8421807747489239
    },
    {
      "sequence": "crowd3",
      "status": "ok",
      "num_frames": 110,
      "elapsed_sec": 16.448824234306812,
      "fps": 6.687408074467496,
      "latency_ms_per_frame": 149.53476576642558,
      "peak_allocated_mb": 10574.27490234375,
      "peak_reserved_mb": 12214.0,
      "kv_total_layers": 24.0,
      "kv_obcache_layers": 24.0,
      "kv_has_obcache_stats": 1.0,
      "kv_cache_tokens_mean": 6024.0,
      "kv_cache_tokens_min": 6024.0,
      "kv_cache_tokens_max": 6024.0,
      "kv_max_seq_len_seen": 7028.0,
      "kv_evict_calls": 1248.0,
      "kv_evicted_tokens_total": 2505984.0,
      "kv_appended_tokens_total": 2650560.0,
      "kv_reused_tokens_total": 14144352.0,
      "kv_cache_hit_rate": 0.8421807747489239
    },
    {
      "sequence": "person_tracking2",
      "status": "ok",
      "num_frames": 110,
      "elapsed_sec": 16.323144361376762,
      "fps": 6.738897700389028,
      "latency_ms_per_frame": 148.3922214670615,
      "peak_allocated_mb": 10587.91650390625,
      "peak_reserved_mb": 12214.0,
      "kv_total_layers": 24.0,
      "kv_obcache_layers": 24.0,
      "kv_has_obcache_stats": 1.0,
      "kv_cache_tokens_mean": 6024.0,
      "kv_cache_tokens_min": 6024.0,
      "kv_cache_tokens_max": 6024.0,
      "kv_max_seq_len_seen": 7028.0,
      "kv_evict_calls": 1248.0,
      "kv_evicted_tokens_total": 2505984.0,
      "kv_appended_tokens_total": 2650560.0,
      "kv_reused_tokens_total": 14144352.0,
      "kv_cache_hit_rate": 0.8421807747489239
    },
    {
      "sequence": "synchronous",
      "status": "ok",
      "num_frames": 110,
      "elapsed_sec": 16.27602086775005,
      "fps": 6.758408636471974,
      "latency_ms_per_frame": 147.96382607045499,
      "peak_allocated_mb": 10606.2607421875,
      "peak_reserved_mb": 12214.0,
      "kv_total_layers": 24.0,
      "kv_obcache_layers": 24.0,
      "kv_has_obcache_stats": 1.0,
      "kv_cache_tokens_mean": 6024.0,
      "kv_cache_tokens_min": 6024.0,
      "kv_cache_tokens_max": 6024.0,
      "kv_max_seq_len_seen": 7028.0,
      "kv_evict_calls": 1248.0,
      "kv_evicted_tokens_total": 2505984.0,
      "kv_appended_tokens_total": 2650560.0,
      "kv_reused_tokens_total": 14144352.0,
      "kv_cache_hit_rate": 0.8421807747489239
    }
  ]
}