{"Abs Rel": 0.03591430140996936, "Sq Rel": 0.013605863746081914, "RMSE": 0.18820871424413732, "Log RMSE": 0.08049642416028291, "\u03b4 < 1.": 0.0, "\u03b4 < 1.25": 0.9864527151869058, "\u03b4 < 1.25^2": 0.9916668177074952, "\u03b4 < 1.25^3": 0.9947028042955671}