{"Abs Rel": 0.17249622878075385, "Sq Rel": 0.9312533254406905, "RMSE": 4.9676834010678705, "Log RMSE": 0.21723687171909592, "\u03b4 < 1.": 0.0, "\u03b4 < 1.25": 0.7216628812665065, "\u03b4 < 1.25^2": 0.9448039150905473, "\u03b4 < 1.25^3": 0.9929513366375677}