{"Abs Rel": 0.32051439726905273, "Sq Rel": 1.4631355187606445, "RMSE": 3.811592485082972, "Log RMSE": 0.3704875601037219, "\u03b4 < 1.": 0.0, "\u03b4 < 1.25": 0.6539859797519394, "\u03b4 < 1.25^2": 0.8223172509812186, "\u03b4 < 1.25^3": 0.8999261242231417}