{
  "summary": {
    "num_sequences_total": 23,
    "num_sequences_ok": 23,
    "num_sequences_oom_skip": 0,
    "num_sequences_other_skip": 0,
    "total_frames": 1064,
    "total_elapsed_sec": 186.06076966412365,
    "overall_fps": 5.718561746899842,
    "avg_latency_ms_per_frame": 174.86914442116884,
    "max_peak_allocated_mb": 11152.76708984375,
    "max_peak_reserved_mb": 14876.0,
    "kv_evicted_tokens_total": 0.0,
    "kv_evict_calls_total": 0.0,
    "kv_appended_tokens_total": 14300160.0,
    "kv_reused_tokens_total": 335771520.0,
    "kv_cache_hit_rate": 0.959150765923139
  },
  "per_sequence": [
    {
      "sequence": "alley_1",
      "status": "ok",
      "num_frames": 50,
      "elapsed_sec": 9.18354207277298,
      "fps": 5.444522342663199,
      "latency_ms_per_frame": 183.6708414554596,
      "peak_allocated_mb": 11147.97607421875,
      "peak_reserved_mb": 14824.0,
      "kv_total_layers": 24.0,
      "kv_tracked_layers": 24.0,
      "kv_cache_tokens_mean": 28000.0,
      "kv_cache_tokens_min": 28000.0,
      "kv_cache_tokens_max": 28000.0,
      "kv_max_seq_len_seen": 28000.0,
      "kv_evict_calls": 0.0,
      "kv_evicted_tokens_total": 0.0,
      "kv_appended_tokens_total": 672000.0,
      "kv_reused_tokens_total": 16464000.0,
      "kv_cache_hit_rate": 0.9607843137254902
    },
    {
      "sequence": "alley_2",
      "status": "ok",
      "num_frames": 50,
      "elapsed_sec": 8.555580094456673,
      "fps": 5.844139082094033,
      "latency_ms_per_frame": 171.11160188913345,
      "peak_allocated_mb": 11150.00732421875,
      "peak_reserved_mb": 14758.0,
      "kv_total_layers": 24.0,
      "kv_tracked_layers": 24.0,
      "kv_cache_tokens_mean": 28000.0,
      "kv_cache_tokens_min": 28000.0,
      "kv_cache_tokens_max": 28000.0,
      "kv_max_seq_len_seen": 28000.0,
      "kv_evict_calls": 0.0,
      "kv_evicted_tokens_total": 0.0,
      "kv_appended_tokens_total": 672000.0,
      "kv_reused_tokens_total": 16464000.0,
      "kv_cache_hit_rate": 0.9607843137254902
    },
    {
      "sequence": "ambush_2",
      "status": "ok",
      "num_frames": 21,
      "elapsed_sec": 3.34968582727015,
      "fps": 6.269244664391136,
      "latency_ms_per_frame": 159.5088489176262,
      "peak_allocated_mb": 8631.43408203125,
      "peak_reserved_mb": 12150.0,
      "kv_total_layers": 24.0,
      "kv_tracked_layers": 24.0,
      "kv_cache_tokens_mean": 11760.0,
      "kv_cache_tokens_min": 11760.0,
      "kv_cache_tokens_max": 11760.0,
      "kv_max_seq_len_seen": 11760.0,
      "kv_evict_calls": 0.0,
      "kv_evicted_tokens_total": 0.0,
      "kv_appended_tokens_total": 282240.0,
      "kv_reused_tokens_total": 2822400.0,
      "kv_cache_hit_rate": 0.9090909090909091
    },
    {
      "sequence": "ambush_4",
      "status": "ok",
      "num_frames": 33,
      "elapsed_sec": 5.477324670180678,
      "fps": 6.024839129887008,
      "latency_ms_per_frame": 165.97953546002054,
      "peak_allocated_mb": 9645.34423828125,
      "peak_reserved_mb": 12124.0,
      "kv_total_layers": 24.0,
      "kv_tracked_layers": 24.0,
      "kv_cache_tokens_mean": 18480.0,
      "kv_cache_tokens_min": 18480.0,
      "kv_cache_tokens_max": 18480.0,
      "kv_max_seq_len_seen": 18480.0,
      "kv_evict_calls": 0.0,
      "kv_evicted_tokens_total": 0.0,
      "kv_appended_tokens_total": 443520.0,
      "kv_reused_tokens_total": 7096320.0,
      "kv_cache_hit_rate": 0.9411764705882353
    },
    {
      "sequence": "ambush_5",
      "status": "ok",
      "num_frames": 50,
      "elapsed_sec": 8.386842848733068,
      "fps": 5.9617189569198965,
      "latency_ms_per_frame": 167.73685697466135,
      "peak_allocated_mb": 11150.32275390625,
      "peak_reserved_mb": 14842.0,
      "kv_total_layers": 24.0,
      "kv_tracked_layers": 24.0,
      "kv_cache_tokens_mean": 28000.0,
      "kv_cache_tokens_min": 28000.0,
      "kv_cache_tokens_max": 28000.0,
      "kv_max_seq_len_seen": 28000.0,
      "kv_evict_calls": 0.0,
      "kv_evicted_tokens_total": 0.0,
      "kv_appended_tokens_total": 672000.0,
      "kv_reused_tokens_total": 16464000.0,
      "kv_cache_hit_rate": 0.9607843137254902
    },
    {
      "sequence": "ambush_6",
      "status": "ok",
      "num_frames": 20,
      "elapsed_sec": 3.1125831566751003,
      "fps": 6.425531140303492,
      "latency_ms_per_frame": 155.62915783375502,
      "peak_allocated_mb": 8552.17724609375,
      "peak_reserved_mb": 12190.0,
      "kv_total_layers": 24.0,
      "kv_tracked_layers": 24.0,
      "kv_cache_tokens_mean": 11200.0,
      "kv_cache_tokens_min": 11200.0,
      "kv_cache_tokens_max": 11200.0,
      "kv_max_seq_len_seen": 11200.0,
      "kv_evict_calls": 0.0,
      "kv_evicted_tokens_total": 0.0,
      "kv_appended_tokens_total": 268800.0,
      "kv_reused_tokens_total": 2553600.0,
      "kv_cache_hit_rate": 0.9047619047619048
    },
    {
      "sequence": "ambush_7",
      "status": "ok",
      "num_frames": 50,
      "elapsed_sec": 8.361558008939028,
      "fps": 5.979746830261403,
      "latency_ms_per_frame": 167.23116017878056,
      "peak_allocated_mb": 11148.74072265625,
      "peak_reserved_mb": 14822.0,
      "kv_total_layers": 24.0,
      "kv_tracked_layers": 24.0,
      "kv_cache_tokens_mean": 28000.0,
      "kv_cache_tokens_min": 28000.0,
      "kv_cache_tokens_max": 28000.0,
      "kv_max_seq_len_seen": 28000.0,
      "kv_evict_calls": 0.0,
      "kv_evicted_tokens_total": 0.0,
      "kv_appended_tokens_total": 672000.0,
      "kv_reused_tokens_total": 16464000.0,
      "kv_cache_hit_rate": 0.9607843137254902
    },
    {
      "sequence": "bamboo_1",
      "status": "ok",
      "num_frames": 50,
      "elapsed_sec": 8.357702849432826,
      "fps": 5.982505109450394,
      "latency_ms_per_frame": 167.15405698865652,
      "peak_allocated_mb": 11148.12548828125,
      "peak_reserved_mb": 14876.0,
      "kv_total_layers": 24.0,
      "kv_tracked_layers": 24.0,
      "kv_cache_tokens_mean": 28000.0,
      "kv_cache_tokens_min": 28000.0,
      "kv_cache_tokens_max": 28000.0,
      "kv_max_seq_len_seen": 28000.0,
      "kv_evict_calls": 0.0,
      "kv_evicted_tokens_total": 0.0,
      "kv_appended_tokens_total": 672000.0,
      "kv_reused_tokens_total": 16464000.0,
      "kv_cache_hit_rate": 0.9607843137254902
    },
    {
      "sequence": "bamboo_2",
      "status": "ok",
      "num_frames": 50,
      "elapsed_sec": 8.403941582888365,
      "fps": 5.94958919060161,
      "latency_ms_per_frame": 168.0788316577673,
      "peak_allocated_mb": 11149.65185546875,
      "peak_reserved_mb": 14836.0,
      "kv_total_layers": 24.0,
      "kv_tracked_layers": 24.0,
      "kv_cache_tokens_mean": 28000.0,
      "kv_cache_tokens_min": 28000.0,
      "kv_cache_tokens_max": 28000.0,
      "kv_max_seq_len_seen": 28000.0,
      "kv_evict_calls": 0.0,
      "kv_evicted_tokens_total": 0.0,
      "kv_appended_tokens_total": 672000.0,
      "kv_reused_tokens_total": 16464000.0,
      "kv_cache_hit_rate": 0.9607843137254902
    },
    {
      "sequence": "bandage_1",
      "status": "ok",
      "num_frames": 50,
      "elapsed_sec": 8.384821768850088,
      "fps": 5.963155971394858,
      "latency_ms_per_frame": 167.69643537700176,
      "peak_allocated_mb": 11146.75927734375,
      "peak_reserved_mb": 14860.0,
      "kv_total_layers": 24.0,
      "kv_tracked_layers": 24.0,
      "kv_cache_tokens_mean": 28000.0,
      "kv_cache_tokens_min": 28000.0,
      "kv_cache_tokens_max": 28000.0,
      "kv_max_seq_len_seen": 28000.0,
      "kv_evict_calls": 0.0,
      "kv_evicted_tokens_total": 0.0,
      "kv_appended_tokens_total": 672000.0,
      "kv_reused_tokens_total": 16464000.0,
      "kv_cache_hit_rate": 0.9607843137254902
    },
    {
      "sequence": "bandage_2",
      "status": "ok",
      "num_frames": 50,
      "elapsed_sec": 8.318753207102418,
      "fps": 6.010516089996612,
      "latency_ms_per_frame": 166.37506414204836,
      "peak_allocated_mb": 11149.76806640625,
      "peak_reserved_mb": 14804.0,