{"Abs Rel": 0.18699170880048252, "Sq Rel": 1.167349093165621, "RMSE": 5.46035720414457, "Log RMSE": 0.23442667156460453, "\u03b4 < 1.": 0.0, "\u03b4 < 1.25": 0.711162023557669, "\u03b4 < 1.25^2": 0.9254402062454778, "\u03b4 < 1.25^3": 0.9849475315749762}