{
  "summary": {
    "num_sequences_total": 13,
    "num_sequences_ok": 13,
    "num_sequences_oom_skip": 0,
    "num_sequences_other_skip": 0,
    "total_frames": 1269,
    "total_elapsed_sec": 186.70248484425247,
    "overall_fps": 6.796910073578303,
    "avg_latency_ms_per_frame": 147.12567757624308,
    "max_peak_allocated_mb": 8128.4033203125,
    "max_peak_reserved_mb": 10430.0,
    "kv_evicted_tokens_total": 11908896.0,
    "kv_evict_calls_total": 29208.0,
    "kv_appended_tokens_total": 12547872.0,
    "kv_reused_tokens_total": 60464448.0,
    "kv_cache_hit_rate": 0.8281403467250459
  },
  "per_sequence": [
    {
      "sequence": "2011_09_26_drive_0002_sync_02",
      "status": "ok",
      "num_frames": 67,
      "elapsed_sec": 10.198925679549575,
      "fps": 6.569319368053184,
      "latency_ms_per_frame": 152.2227713365608,
      "peak_allocated_mb": 7419.9052734375,
      "peak_reserved_mb": 9922.0,
      "kv_total_layers": 24.0,
      "kv_tracked_layers": 24.0,
      "kv_cache_tokens_mean": 2048.0,
      "kv_cache_tokens_min": 2048.0,
      "kv_cache_tokens_max": 2048.0,
      "kv_max_seq_len_seen": 2048.0,
      "kv_evict_calls": 1512.0,
      "kv_evicted_tokens_total": 613344.0,
      "kv_appended_tokens_total": 662496.0,
      "kv_reused_tokens_total": 3146304.0,
      "kv_cache_hit_rate": 0.8260617517328293
    },
    {
      "sequence": "2011_09_26_drive_0005_sync_02",
      "status": "ok",
      "num_frames": 110,
      "elapsed_sec": 16.20925678499043,
      "fps": 6.786245751986521,
      "latency_ms_per_frame": 147.35687986354935,
      "peak_allocated_mb": 7938.66748046875,
      "peak_reserved_mb": 10284.0,
      "kv_total_layers": 24.0,
      "kv_tracked_layers": 24.0,
      "kv_cache_tokens_mean": 2048.0,
      "kv_cache_tokens_min": 2048.0,
      "kv_cache_tokens_max": 2048.0,
      "kv_max_seq_len_seen": 2048.0,
      "kv_evict_calls": 2544.0,
      "kv_evicted_tokens_total": 1038528.0,
      "kv_appended_tokens_total": 1087680.0,
      "kv_reused_tokens_total": 5259840.0,
      "kv_cache_hit_rate": 0.8286448880822747
    },
    {
      "sequence": "2011_09_26_drive_0013_sync_02",
      "status": "ok",
      "num_frames": 110,
      "elapsed_sec": 16.11786076053977,
      "fps": 6.824727030109684,
      "latency_ms_per_frame": 146.52600691399792,
      "peak_allocated_mb": 8128.4033203125,
      "peak_reserved_mb": 10410.0,
      "kv_total_layers": 24.0,
      "kv_tracked_layers": 24.0,
      "kv_cache_tokens_mean": 2048.0,
      "kv_cache_tokens_min": 2048.0,
      "kv_cache_tokens_max": 2048.0,
      "kv_max_seq_len_seen": 2048.0,
      "kv_evict_calls": 2544.0,
      "kv_evicted_tokens_total": 1038528.0,
      "kv_appended_tokens_total": 1087680.0,
      "kv_reused_tokens_total": 5259840.0,
      "kv_cache_hit_rate": 0.8286448880822747
    },
    {
      "sequence": "2011_09_26_drive_0020_sync_02",
      "status": "ok",
      "num_frames": 76,
      "elapsed_sec": 11.117011388763785,
      "fps": 6.8363697168480835,
      "latency_ms_per_frame": 146.27646564162876,
      "peak_allocated_mb": 7965.0009765625,
      "peak_reserved_mb": 10410.0,
      "kv_total_layers": 24.0,
      "kv_tracked_layers": 24.0,
      "kv_cache_tokens_mean": 2048.0,
      "kv_cache_tokens_min": 2048.0,
      "kv_cache_tokens_max": 2048.0,
      "kv_max_seq_len_seen": 2048.0,
      "kv_evict_calls": 1728.0,
      "kv_evicted_tokens_total": 702336.0,
      "kv_appended_tokens_total": 751488.0,
      "kv_reused_tokens_total": 3588672.0,
      "kv_cache_hit_rate": 0.8268524662685247
    },
    {
      "sequence": "2011_09_26_drive_0023_sync_02",
      "status": "ok",
      "num_frames": 110,
      "elapsed_sec": 16.109852192923427,
      "fps": 6.828119754464271,
      "latency_ms_per_frame": 146.45320175384933,
      "peak_allocated_mb": 7974.6064453125,
      "peak_reserved_mb": 10410.0,
      "kv_total_layers": 24.0,
      "kv_tracked_layers": 24.0,
      "kv_cache_tokens_mean": 2048.0,
      "kv_cache_tokens_min": 2048.0,
      "kv_cache_tokens_max": 2048.0,
      "kv_max_seq_len_seen": 2048.0,
      "kv_evict_calls": 2544.0,
      "kv_evicted_tokens_total": 1038528.0,
      "kv_appended_tokens_total": 1087680.0,
      "kv_reused_tokens_total": 5259840.0,
      "kv_cache_hit_rate": 0.8286448880822747
    },
    {
      "sequence": "2011_09_26_drive_0036_sync_02",
      "status": "ok",
      "num_frames": 110,
      "elapsed_sec": 16.170074688270688,
      "fps": 6.8026896672153825,
      "latency_ms_per_frame": 147.00067898427898,
      "peak_allocated_mb": 8128.4033203125,
      "peak_reserved_mb": 10410.0,
      "kv_total_layers": 24.0,
      "kv_tracked_layers": 24.0,
      "kv_cache_tokens_mean": 2048.0,
      "kv_cache_tokens_min": 2048.0,
      "kv_cache_tokens_max": 2048.0,
      "kv_max_seq_len_seen": 2048.0,
      "kv_evict_calls": 2544.0,
      "kv_evicted_tokens_total": 1038528.0,
      "kv_appended_tokens_total": 1087680.0,
      "kv_reused_tokens_total": 5259840.0,
      "kv_cache_hit_rate": 0.8286448880822747
    },
    {
      "sequence": "2011_09_26_drive_0079_sync_02",
      "status": "ok",
      "num_frames": 90,
      "elapsed_sec": 13.221760049462318,
      "fps": 6.806960621226822,
      "latency_ms_per_frame": 146.90844499402576,
      "peak_allocated_mb": 8034.662109375,
      "peak_reserved_mb": 10410.0,
      "kv_total_layers": 24.0,
      "kv_tracked_layers": 24.0,
      "kv_cache_tokens_mean": 2048.0,
      "kv_cache_tokens_min": 2048.0,
      "kv_cache_tokens_max": 2048.0,
      "kv_max_seq_len_seen": 2048.0,
      "kv_evict_calls": 2064.0,
      "kv_evicted_tokens_total": 840768.0,
      "kv_appended_tokens_total": 889920.0,
      "kv_reused_tokens_total": 4276800.0,
      "kv_cache_hit_rate": 0.8277591973244147
    },
    {
      "sequence": "2011_09_26_drive_0095_sync_02",
      "status": "ok",
      "num_frames": 110,
      "elapsed_sec": 16.114464856684208,
      "fps": 6.826165248321758,
      "latency_ms_per_frame": 146.49513506076553,
      "peak_allocated_mb": 8036.060546875,
      "peak_reserved_mb": 10410.0,
      "kv_total_layers": 24.0,
      "kv_tracked_layers": 24.0,
      "kv_cache_tokens_mean": 2048.0,
      "kv_cache_tokens_min": 2048.0,
      "kv_cache_tokens_max": 2048.0,
      "kv_max_seq_len_seen": 2048.0,
      "kv_evict_calls": 2544.0,
      "kv_evicted_tokens_total": 1038528.0,
      "kv_appended_tokens_total": 1087680.0,
      "kv_reused_tokens_total": 5259840.0,
      "kv_cache_hit_rate": 0.8286448880822747
    },
    {
      "sequence": "2011_09_26_drive_0113_sync_02",
      "status": "ok",
      "num_frames": 77,
      "elapsed_sec": 11.319351246580482,
      "fps": 6.80250999572624,
      "latency_ms_per_frame": 147.00456164390235,
      "peak_allocated_mb": 7966.2626953125,
      "peak_reserved_mb": 10410.0,
      "kv_total_layers": 24.0,
      "kv_tracked_layers": 24.0,
      "kv_cache_tokens_mean": 2048.0,
      "kv_cache_tokens_min": 2048.0,
      "kv_cache_tokens_max": 2048.0,
      "kv_max_seq_len_seen": 2048.0,
      "kv_evict_calls": 1752.0,
      "kv_evicted_tokens_total": 712224.0,
      "kv_appended_tokens_total": 761376.0,
      "kv_reused_tokens_total": 3637824.0,
      "kv_cache_hit_rate": 0.8269285324604474
    },
    {
      "sequence": "2011_09_28_drive_0037_sync_02",
      "status": "ok",
      "num_frames": 79,
      "elapsed_sec": 11.609939638525248,
      "fps": 6.804514274807631,
      "latency_ms_per_frame": 146.96126124715502,
      "peak_allocated_mb": 7829.83642578125,
      "peak_reserved_mb": 10410.0,
      "kv_total_layers": 24.0,
      "kv_tracked_layers": 24.0,
      "kv_cache_tokens_mean": 2048.0,
      "kv_cache_tokens_min": 2048.0,
      "kv_cache_tokens_max": 2048.0,
      "kv_max_seq_len_seen": 2048.0,
      "kv_evict_calls": 1800.0,
      "kv_evicted_tokens_total": 732000.0,
      "kv_appended_tokens_total": 781152.0,
      "kv_reused_tokens_total": 3736128.0,