{"Abs Rel": 0.09463745026586347, "Sq Rel": 0.10852226346682264, "RMSE": 0.3963255606882338, "Log RMSE": 0.1943376911226422, "\u03b4 < 1.": 0.0, "\u03b4 < 1.25": 0.9442703723907471, "\u03b4 < 1.25^2": 0.9586937427520752, "\u03b4 < 1.25^3": 0.9672639966011047}