{"Abs Rel": 0.3405604991094752, "Sq Rel": 1.5610219095449607, "RMSE": 3.945554404333937, "Log RMSE": 0.4072538110912243, "\u03b4 < 1.": 0.0, "\u03b4 < 1.25": 0.6210680090794031, "\u03b4 < 1.25^2": 0.8059881667737745, "\u03b4 < 1.25^3": 0.8811521948780706}