{
  "summary": {
    "num_sequences_total": 23,
    "num_sequences_ok": 23,
    "num_sequences_oom_skip": 0,
    "num_sequences_other_skip": 0,
    "total_frames": 1064,
    "total_elapsed_sec": 146.9909601174295,
    "overall_fps": 7.238540377925158,
    "avg_latency_ms_per_frame": 138.14939860660667,
    "max_peak_allocated_mb": 7901.603515625,
    "max_peak_reserved_mb": 9874.0,
    "kv_evicted_tokens_total": 13169664.0,
    "kv_evict_calls_total": 23880.0,
    "kv_appended_tokens_total": 14300160.0,
    "kv_reused_tokens_total": 49630464.0,
    "kv_cache_hit_rate": 0.7763175282005694
  },
  "per_sequence": [
    {
      "sequence": "alley_1",
      "status": "ok",
      "num_frames": 50,
      "elapsed_sec": 7.662477616220713,
      "fps": 6.525304543031214,
      "latency_ms_per_frame": 153.24955232441425,
      "peak_allocated_mb": 7523.0322265625,
      "peak_reserved_mb": 9792.0,
      "kv_total_layers": 24.0,
      "kv_tracked_layers": 24.0,
      "kv_cache_tokens_mean": 2048.0,
      "kv_cache_tokens_min": 2048.0,
      "kv_cache_tokens_max": 2048.0,
      "kv_max_seq_len_seen": 2048.0,
      "kv_evict_calls": 1128.0,
      "kv_evicted_tokens_total": 622848.0,
      "kv_appended_tokens_total": 672000.0,
      "kv_reused_tokens_total": 2341632.0,
      "kv_cache_hit_rate": 0.777013251783894
    },
    {
      "sequence": "alley_2",
      "status": "ok",
      "num_frames": 50,
      "elapsed_sec": 7.009954797104001,
      "fps": 7.132713611884677,
      "latency_ms_per_frame": 140.19909594208002,
      "peak_allocated_mb": 7871.9814453125,
      "peak_reserved_mb": 9870.0,
      "kv_total_layers": 24.0,
      "kv_tracked_layers": 24.0,
      "kv_cache_tokens_mean": 2048.0,
      "kv_cache_tokens_min": 2048.0,
      "kv_cache_tokens_max": 2048.0,
      "kv_max_seq_len_seen": 2048.0,
      "kv_evict_calls": 1128.0,
      "kv_evicted_tokens_total": 622848.0,
      "kv_appended_tokens_total": 672000.0,
      "kv_reused_tokens_total": 2341632.0,
      "kv_cache_hit_rate": 0.777013251783894
    },
    {
      "sequence": "ambush_2",
      "status": "ok",
      "num_frames": 21,
      "elapsed_sec": 2.8662349227815866,
      "fps": 7.326684855133993,
      "latency_ms_per_frame": 136.48737727531366,
      "peak_allocated_mb": 7668.79150390625,
      "peak_reserved_mb": 9870.0,
      "kv_total_layers": 24.0,
      "kv_tracked_layers": 24.0,
      "kv_cache_tokens_mean": 2048.0,
      "kv_cache_tokens_min": 2048.0,
      "kv_cache_tokens_max": 2048.0,
      "kv_max_seq_len_seen": 2048.0,
      "kv_evict_calls": 432.0,
      "kv_evicted_tokens_total": 233088.0,
      "kv_appended_tokens_total": 282240.0,
      "kv_reused_tokens_total": 916224.0,
      "kv_cache_hit_rate": 0.7644985581544377
    },
    {
      "sequence": "ambush_4",
      "status": "ok",
      "num_frames": 33,
      "elapsed_sec": 4.507800901308656,
      "fps": 7.3206427529707,
      "latency_ms_per_frame": 136.6000273123835,
      "peak_allocated_mb": 7557.0322265625,
      "peak_reserved_mb": 9870.0,
      "kv_total_layers": 24.0,
      "kv_tracked_layers": 24.0,
      "kv_cache_tokens_mean": 2048.0,
      "kv_cache_tokens_min": 2048.0,
      "kv_cache_tokens_max": 2048.0,
      "kv_max_seq_len_seen": 2048.0,
      "kv_evict_calls": 720.0,
      "kv_evicted_tokens_total": 394368.0,
      "kv_appended_tokens_total": 443520.0,
      "kv_reused_tokens_total": 1506048.0,
      "kv_cache_hit_rate": 0.772503446917471
    },
    {
      "sequence": "ambush_5",
      "status": "ok",
      "num_frames": 50,
      "elapsed_sec": 6.860556440427899,
      "fps": 7.288038577360855,
      "latency_ms_per_frame": 137.211128808558,
      "peak_allocated_mb": 7759.75146484375,
      "peak_reserved_mb": 9870.0,
      "kv_total_layers": 24.0,
      "kv_tracked_layers": 24.0,
      "kv_cache_tokens_mean": 2048.0,
      "kv_cache_tokens_min": 2048.0,
      "kv_cache_tokens_max": 2048.0,
      "kv_max_seq_len_seen": 2048.0,
      "kv_evict_calls": 1128.0,
      "kv_evicted_tokens_total": 622848.0,
      "kv_appended_tokens_total": 672000.0,
      "kv_reused_tokens_total": 2341632.0,
      "kv_cache_hit_rate": 0.777013251783894
    },
    {
      "sequence": "ambush_6",
      "status": "ok",
      "num_frames": 20,
      "elapsed_sec": 2.7254216596484184,
      "fps": 7.338314029022583,
      "latency_ms_per_frame": 136.27108298242092,
      "peak_allocated_mb": 7665.4208984375,
      "peak_reserved_mb": 9870.0,
      "kv_total_layers": 24.0,
      "kv_tracked_layers": 24.0,
      "kv_cache_tokens_mean": 2048.0,
      "kv_cache_tokens_min": 2048.0,
      "kv_cache_tokens_max": 2048.0,
      "kv_max_seq_len_seen": 2048.0,
      "kv_evict_calls": 408.0,
      "kv_evicted_tokens_total": 219648.0,
      "kv_appended_tokens_total": 268800.0,
      "kv_reused_tokens_total": 867072.0,
      "kv_cache_hit_rate": 0.7633536173089925
    },
    {
      "sequence": "ambush_7",
      "status": "ok",
      "num_frames": 50,
      "elapsed_sec": 6.865920543670654,
      "fps": 7.282344688083009,
      "latency_ms_per_frame": 137.3184108734131,
      "peak_allocated_mb": 7667.2099609375,
      "peak_reserved_mb": 9870.0,
      "kv_total_layers": 24.0,
      "kv_tracked_layers": 24.0,
      "kv_cache_tokens_mean": 2048.0,
      "kv_cache_tokens_min": 2048.0,
      "kv_cache_tokens_max": 2048.0,
      "kv_max_seq_len_seen": 2048.0,
      "kv_evict_calls": 1128.0,
      "kv_evicted_tokens_total": 622848.0,
      "kv_appended_tokens_total": 672000.0,
      "kv_reused_tokens_total": 2341632.0,
      "kv_cache_hit_rate": 0.777013251783894
    },
    {
      "sequence": "bamboo_1",
      "status": "ok",
      "num_frames": 50,
      "elapsed_sec": 6.86624376475811,
      "fps": 7.282001879489265,
      "latency_ms_per_frame": 137.3248752951622,
      "peak_allocated_mb": 7879.0966796875,
      "peak_reserved_mb": 9870.0,
      "kv_total_layers": 24.0,
      "kv_tracked_layers": 24.0,
      "kv_cache_tokens_mean": 2048.0,
      "kv_cache_tokens_min": 2048.0,
      "kv_cache_tokens_max": 2048.0,
      "kv_max_seq_len_seen": 2048.0,
      "kv_evict_calls": 1128.0,
      "kv_evicted_tokens_total": 622848.0,
      "kv_appended_tokens_total": 672000.0,
      "kv_reused_tokens_total": 2341632.0,
      "kv_cache_hit_rate": 0.777013251783894
    },
    {
      "sequence": "bamboo_2",
      "status": "ok",
      "num_frames": 50,
      "elapsed_sec": 6.861100656911731,
      "fps": 7.2874604965357905,
      "latency_ms_per_frame": 137.22201313823462,
      "peak_allocated_mb": 7888.0966796875,
      "peak_reserved_mb": 9870.0,
      "kv_total_layers": 24.0,
      "kv_tracked_layers": 24.0,
      "kv_cache_tokens_mean": 2048.0,
      "kv_cache_tokens_min": 2048.0,
      "kv_cache_tokens_max": 2048.0,
      "kv_max_seq_len_seen": 2048.0,
      "kv_evict_calls": 1128.0,
      "kv_evicted_tokens_total": 622848.0,
      "kv_appended_tokens_total": 672000.0,
      "kv_reused_tokens_total": 2341632.0,
      "kv_cache_hit_rate": 0.777013251783894
    },
    {
      "sequence": "bandage_1",
      "status": "ok",
      "num_frames": 50,
      "elapsed_sec": 6.840077258646488,
      "fps": 7.309858954706307,
      "latency_ms_per_frame": 136.80154517292976,
      "peak_allocated_mb": 7889.107421875,
      "peak_reserved_mb": 9872.0,
      "kv_total_layers": 24.0,
      "kv_tracked_layers": 24.0,
      "kv_cache_tokens_mean": 2048.0,
      "kv_cache_tokens_min": 2048.0,
      "kv_cache_tokens_max": 2048.0,
      "kv_max_seq_len_seen": 2048.0,
      "kv_evict_calls": 1128.0,
      "kv_evicted_tokens_total": 622848.0,
      "kv_appended_tokens_total": 672000.0,
      "kv_reused_tokens_total": 2341632.0,
      "kv_cache_hit_rate": 0.777013251783894
    },
    {
      "sequence": "bandage_2",
      "status": "ok",
      "num_frames": 50,
      "elapsed_sec": 6.809348838403821,
      "fps": 7.34284601752324,
      "latency_ms_per_frame": 136.18697676807642,
      "peak_allocated_mb": 7892.19921875,
      "peak_reserved_mb": 9874.0,