{"Abs Rel": 0.3193311462474295, "Sq Rel": 1.4669059675061875, "RMSE": 3.787306213965995, "Log RMSE": 0.36980017678130306, "\u03b4 < 1.": 0.0, "\u03b4 < 1.25": 0.6597834625855451, "\u03b4 < 1.25^2": 0.8231772384473082, "\u03b4 < 1.25^3": 0.9002007167538982}