{"Abs Rel": 0.05913396617005341, "Sq Rel": 0.03309060604466511, "RMSE": 0.24564115372646242, "Log RMSE": 0.11586443847862686, "\u03b4 < 1.": 0.0, "\u03b4 < 1.25": 0.9644934102980456, "\u03b4 < 1.25^2": 0.9835001827007871, "\u03b4 < 1.25^3": 0.9894101619684723}