{"Abs Rel": 0.05892063733017017, "Sq Rel": 0.03974677352156713, "RMSE": 0.2529923753237279, "Log RMSE": 0.11854718393939594, "\u03b4 < 1.": 0.0, "\u03b4 < 1.25": 0.969246337180353, "\u03b4 < 1.25^2": 0.9832367745463108, "\u03b4 < 1.25^3": 0.9880838992673334}