{"Abs Rel": 0.09906004350993246, "Sq Rel": 0.4041871938921199, "RMSE": 3.623655845505904, "Log RMSE": 0.13813375444431303, "\u03b4 < 1.": 0.0, "\u03b4 < 1.25": 0.9247005664528023, "\u03b4 < 1.25^2": 0.9875901919357111, "\u03b4 < 1.25^3": 0.9949415183411308}