{"Abs Rel": 0.09992149417722943, "Sq Rel": 0.11633921092974232, "RMSE": 0.4059445316759878, "Log RMSE": 0.2011491873270521, "\u03b4 < 1.": 0.0, "\u03b4 < 1.25": 0.9408949613571167, "\u03b4 < 1.25^2": 0.9544483423233032, "\u03b4 < 1.25^3": 0.9635399580001831}