{"Abs Rel": 0.06374708713883998, "Sq Rel": 0.04005343542273422, "RMSE": 0.27779849381981825, "Log RMSE": 0.11998192155185246, "\u03b4 < 1.": 0.0, "\u03b4 < 1.25": 0.9717317628660792, "\u03b4 < 1.25^2": 0.9840462045381073, "\u03b4 < 1.25^3": 0.9896111240968412}