{
  "summary": {
    "num_sequences_total": 5,
    "num_sequences_ok": 5,
    "num_sequences_oom_skip": 0,
    "num_sequences_other_skip": 0,
    "total_frames": 550,
    "total_elapsed_sec": 78.73226632550359,
    "overall_fps": 6.985700090559181,
    "avg_latency_ms_per_frame": 143.14957513727924,
    "max_peak_allocated_mb": 10047.0498046875,
    "max_peak_reserved_mb": 10960.0,
    "kv_evicted_tokens_total": 13007040.0,
    "kv_evict_calls_total": 12960.0,
    "kv_appended_tokens_total": 13252800.0,
    "kv_reused_tokens_total": 26657760.0,
    "kv_cache_hit_rate": 0.6679375082684883
  },
  "per_sequence": [
    {
      "sequence": "balloon2",
      "status": "ok",
      "num_frames": 110,
      "elapsed_sec": 16.080863753333688,
      "fps": 6.840428579416087,
      "latency_ms_per_frame": 146.18967048485172,
      "peak_allocated_mb": 8772.23974609375,
      "peak_reserved_mb": 10242.0,
      "kv_total_layers": 24.0,
      "kv_tracked_layers": 24.0,
      "kv_cache_tokens_mean": 2048.0,
      "kv_cache_tokens_min": 2048.0,
      "kv_cache_tokens_max": 2048.0,
      "kv_max_seq_len_seen": 2048.0,
      "kv_evict_calls": 2592.0,
      "kv_evicted_tokens_total": 2601408.0,
      "kv_appended_tokens_total": 2650560.0,
      "kv_reused_tokens_total": 5331552.0,
      "kv_cache_hit_rate": 0.6679375082684883
    },
    {
      "sequence": "crowd2",
      "status": "ok",
      "num_frames": 110,
      "elapsed_sec": 15.651031477376819,
      "fps": 7.0282907653084905,
      "latency_ms_per_frame": 142.28210433978927,
      "peak_allocated_mb": 10047.0498046875,
      "peak_reserved_mb": 10908.0,
      "kv_total_layers": 24.0,
      "kv_tracked_layers": 24.0,
      "kv_cache_tokens_mean": 2048.0,
      "kv_cache_tokens_min": 2048.0,
      "kv_cache_tokens_max": 2048.0,
      "kv_max_seq_len_seen": 2048.0,
      "kv_evict_calls": 2592.0,
      "kv_evicted_tokens_total": 2601408.0,
      "kv_appended_tokens_total": 2650560.0,
      "kv_reused_tokens_total": 5331552.0,
      "kv_cache_hit_rate": 0.6679375082684883
    },
    {
      "sequence": "crowd3",
      "status": "ok",
      "num_frames": 110,
      "elapsed_sec": 15.62731578014791,
      "fps": 7.038956756715571,
      "latency_ms_per_frame": 142.06650709225372,
      "peak_allocated_mb": 10019.62109375,
      "peak_reserved_mb": 10908.0,
      "kv_total_layers": 24.0,
      "kv_tracked_layers": 24.0,
      "kv_cache_tokens_mean": 2048.0,
      "kv_cache_tokens_min": 2048.0,
      "kv_cache_tokens_max": 2048.0,
      "kv_max_seq_len_seen": 2048.0,
      "kv_evict_calls": 2592.0,
      "kv_evicted_tokens_total": 2601408.0,
      "kv_appended_tokens_total": 2650560.0,
      "kv_reused_tokens_total": 5331552.0,
      "kv_cache_hit_rate": 0.6679375082684883
    },
    {
      "sequence": "person_tracking2",
      "status": "ok",
      "num_frames": 110,
      "elapsed_sec": 15.678363462910056,
      "fps": 7.0160383933070865,
      "latency_ms_per_frame": 142.53057693554595,
      "peak_allocated_mb": 10009.0830078125,
      "peak_reserved_mb": 10960.0,
      "kv_total_layers": 24.0,
      "kv_tracked_layers": 24.0,
      "kv_cache_tokens_mean": 2048.0,
      "kv_cache_tokens_min": 2048.0,
      "kv_cache_tokens_max": 2048.0,
      "kv_max_seq_len_seen": 2048.0,
      "kv_evict_calls": 2592.0,
      "kv_evicted_tokens_total": 2601408.0,
      "kv_appended_tokens_total": 2650560.0,
      "kv_reused_tokens_total": 5331552.0,
      "kv_cache_hit_rate": 0.6679375082684883
    },
    {
      "sequence": "synchronous",
      "status": "ok",
      "num_frames": 110,
      "elapsed_sec": 15.694691851735115,
      "fps": 7.00873907172883,
      "latency_ms_per_frame": 142.6790168339556,
      "peak_allocated_mb": 10011.09375,
      "peak_reserved_mb": 10960.0,
      "kv_total_layers": 24.0,
      "kv_tracked_layers": 24.0,
      "kv_cache_tokens_mean": 2048.0,
      "kv_cache_tokens_min": 2048.0,
      "kv_cache_tokens_max": 2048.0,
      "kv_max_seq_len_seen": 2048.0,
      "kv_evict_calls": 2592.0,
      "kv_evicted_tokens_total": 2601408.0,
      "kv_appended_tokens_total": 2650560.0,
      "kv_reused_tokens_total": 5331552.0,
      "kv_cache_hit_rate": 0.6679375082684883
    }
  ]
}