{"Abs Rel": 0.05978090486504225, "Sq Rel": 0.034610625588702086, "RMSE": 0.26414917514712943, "Log RMSE": 0.11429368146913126, "\u03b4 < 1.": 0.0, "\u03b4 < 1.25": 0.9728050493666122, "\u03b4 < 1.25^2": 0.9841856170260119, "\u03b4 < 1.25^3": 0.9901744088356612}