{
  "summary": {
    "num_sequences_total": 5,
    "num_sequences_ok": 5,
    "num_sequences_oom_skip": 0,
    "num_sequences_other_skip": 0,
    "total_frames": 550,
    "total_elapsed_sec": 143.60179880075157,
    "overall_fps": 3.8300355886427897,
    "avg_latency_ms_per_frame": 261.0941796377301,
    "max_peak_allocated_mb": 16069.89453125,
    "max_peak_reserved_mb": 21902.0,
    "kv_evicted_tokens_total": 7252859.0,
    "kv_evict_calls_total": 6413.0,
    "kv_appended_tokens_total": 13252800.0,
    "kv_reused_tokens_total": 499685279.0,
    "kv_cache_hit_rate": 0.974162963245316
  },
  "per_sequence": [
    {
      "sequence": "balloon2",
      "status": "ok",
      "num_frames": 110,
      "elapsed_sec": 30.451796798035502,
      "fps": 3.612266321411165,
      "latency_ms_per_frame": 276.8345163457773,
      "peak_allocated_mb": 15998.98779296875,
      "peak_reserved_mb": 21902.0,
      "kv_total_layers": 24.0,
      "kv_tracked_layers": 24.0,
      "kv_cache_tokens_mean": 49999.583333333336,
      "kv_cache_tokens_min": 31386.0,
      "kv_cache_tokens_max": 61376.0,
      "kv_max_seq_len_seen": 63052.0,
      "kv_evict_calls": 1383.0,
      "kv_evicted_tokens_total": 1450570.0,
      "kv_appended_tokens_total": 2650560.0,
      "kv_reused_tokens_total": 101206892.0,
      "kv_cache_hit_rate": 0.9744788655127029
    },
    {
      "sequence": "crowd2",
      "status": "ok",
      "num_frames": 110,
      "elapsed_sec": 28.585468912497163,
      "fps": 3.848108993304271,
      "latency_ms_per_frame": 259.8678992045197,
      "peak_allocated_mb": 15989.93896484375,
      "peak_reserved_mb": 20184.0,
      "kv_total_layers": 24.0,
      "kv_tracked_layers": 24.0,
      "kv_cache_tokens_mean": 49999.541666666664,
      "kv_cache_tokens_min": 31820.0,
      "kv_cache_tokens_max": 60861.0,
      "kv_max_seq_len_seen": 66883.0,
      "kv_evict_calls": 1289.0,
      "kv_evicted_tokens_total": 1450571.0,
      "kv_appended_tokens_total": 2650560.0,
      "kv_reused_tokens_total": 99806526.0,
      "kv_cache_hit_rate": 0.9741300469935286
    },
    {
      "sequence": "crowd3",
      "status": "ok",
      "num_frames": 110,
      "elapsed_sec": 28.113617410883307,
      "fps": 3.912694634501818,
      "latency_ms_per_frame": 255.57834009893915,
      "peak_allocated_mb": 16069.89453125,
      "peak_reserved_mb": 19788.0,
      "kv_total_layers": 24.0,
      "kv_tracked_layers": 24.0,
      "kv_cache_tokens_mean": 49999.541666666664,
      "kv_cache_tokens_min": 33822.0,
      "kv_cache_tokens_max": 61186.0,
      "kv_max_seq_len_seen": 68997.0,
      "kv_evict_calls": 1227.0,
      "kv_evicted_tokens_total": 1450571.0,
      "kv_appended_tokens_total": 2650560.0,
      "kv_reused_tokens_total": 99565411.0,
      "kv_cache_hit_rate": 0.9740690229318469
    },
    {
      "sequence": "person_tracking2",
      "status": "ok",
      "num_frames": 110,
      "elapsed_sec": 28.168424617499113,
      "fps": 3.90508171804768,
      "latency_ms_per_frame": 256.07658743181014,
      "peak_allocated_mb": 16016.18798828125,
      "peak_reserved_mb": 19876.0,
      "kv_total_layers": 24.0,
      "kv_tracked_layers": 24.0,
      "kv_cache_tokens_mean": 49999.333333333336,
      "kv_cache_tokens_min": 32636.0,
      "kv_cache_tokens_max": 61441.0,
      "kv_max_seq_len_seen": 67845.0,
      "kv_evict_calls": 1256.0,
      "kv_evicted_tokens_total": 1450576.0,
      "kv_appended_tokens_total": 2650560.0,
      "kv_reused_tokens_total": 99489749.0,
      "kv_cache_hit_rate": 0.9740498141629863
    },
    {
      "sequence": "synchronous",
      "status": "ok",
      "num_frames": 110,
      "elapsed_sec": 28.28249106183648,
      "fps": 3.8893320874564195,
      "latency_ms_per_frame": 257.1135551076044,
      "peak_allocated_mb": 16059.10986328125,
      "peak_reserved_mb": 19860.0,
      "kv_total_layers": 24.0,
      "kv_tracked_layers": 24.0,
      "kv_cache_tokens_mean": 49999.541666666664,
      "kv_cache_tokens_min": 34182.0,
      "kv_cache_tokens_max": 63062.0,
      "kv_max_seq_len_seen": 68680.0,
      "kv_evict_calls": 1258.0,
      "kv_evicted_tokens_total": 1450571.0,
      "kv_appended_tokens_total": 2650560.0,
      "kv_reused_tokens_total": 99616701.0,
      "kv_cache_hit_rate": 0.9740820280695696
    }
  ]
}