{"Abs Rel": 0.32424591770645345, "Sq Rel": 1.4760246327956412, "RMSE": 3.8179467467915584, "Log RMSE": 0.37118763958906653, "\u03b4 < 1.": 0.0, "\u03b4 < 1.25": 0.652847994888309, "\u03b4 < 1.25^2": 0.8220379431912325, "\u03b4 < 1.25^3": 0.8998757054711255}