{
  "summary": {
    "num_sequences_total": 23,
    "num_sequences_ok": 23,
    "num_sequences_oom_skip": 0,
    "num_sequences_other_skip": 0,
    "total_frames": 1064,
    "total_elapsed_sec": 172.1003875453025,
    "overall_fps": 6.1824381407620015,
    "avg_latency_ms_per_frame": 161.74848453505874,
    "max_peak_allocated_mb": 10544.3310546875,
    "max_peak_reserved_mb": 13922.0,
    "kv_evicted_tokens_total": 0.0,
    "kv_evict_calls_total": 0.0,
    "kv_appended_tokens_total": 14300160.0,
    "kv_reused_tokens_total": 335771520.0,
    "kv_cache_hit_rate": 0.959150765923139
  },
  "per_sequence": [
    {
      "sequence": "alley_1",
      "status": "ok",
      "num_frames": 50,
      "elapsed_sec": 9.661553716287017,
      "fps": 5.175151064544849,
      "latency_ms_per_frame": 193.23107432574034,
      "peak_allocated_mb": 10180.107421875,
      "peak_reserved_mb": 13296.0,
      "kv_total_layers": 24.0,
      "kv_tracked_layers": 24.0,
      "kv_cache_tokens_mean": 28000.0,
      "kv_cache_tokens_min": 28000.0,
      "kv_cache_tokens_max": 28000.0,
      "kv_max_seq_len_seen": 28000.0,
      "kv_evict_calls": 0.0,
      "kv_evicted_tokens_total": 0.0,
      "kv_appended_tokens_total": 672000.0,
      "kv_reused_tokens_total": 16464000.0,
      "kv_cache_hit_rate": 0.9607843137254902
    },
    {
      "sequence": "alley_2",
      "status": "ok",
      "num_frames": 50,
      "elapsed_sec": 7.5144371669739485,
      "fps": 6.653858284922611,
      "latency_ms_per_frame": 150.28874333947897,
      "peak_allocated_mb": 10526.0986328125,
      "peak_reserved_mb": 13374.0,
      "kv_total_layers": 24.0,
      "kv_tracked_layers": 24.0,
      "kv_cache_tokens_mean": 28000.0,
      "kv_cache_tokens_min": 28000.0,
      "kv_cache_tokens_max": 28000.0,
      "kv_max_seq_len_seen": 28000.0,
      "kv_evict_calls": 0.0,
      "kv_evicted_tokens_total": 0.0,
      "kv_appended_tokens_total": 672000.0,
      "kv_reused_tokens_total": 16464000.0,
      "kv_cache_hit_rate": 0.9607843137254902
    },
    {
      "sequence": "ambush_2",
      "status": "ok",
      "num_frames": 21,
      "elapsed_sec": 3.400169661268592,
      "fps": 6.176162395427342,
      "latency_ms_per_frame": 161.9128410127901,
      "peak_allocated_mb": 8545.1337890625,
      "peak_reserved_mb": 13374.0,
      "kv_total_layers": 24.0,
      "kv_tracked_layers": 24.0,
      "kv_cache_tokens_mean": 11760.0,
      "kv_cache_tokens_min": 11760.0,
      "kv_cache_tokens_max": 11760.0,
      "kv_max_seq_len_seen": 11760.0,
      "kv_evict_calls": 0.0,
      "kv_evicted_tokens_total": 0.0,
      "kv_appended_tokens_total": 282240.0,
      "kv_reused_tokens_total": 2822400.0,
      "kv_cache_hit_rate": 0.9090909090909091
    },
    {
      "sequence": "ambush_4",
      "status": "ok",
      "num_frames": 33,
      "elapsed_sec": 4.8729332238435745,
      "fps": 6.77210182945436,
      "latency_ms_per_frame": 147.66464314677498,
      "peak_allocated_mb": 9167.71337890625,
      "peak_reserved_mb": 13374.0,
      "kv_total_layers": 24.0,
      "kv_tracked_layers": 24.0,
      "kv_cache_tokens_mean": 18480.0,
      "kv_cache_tokens_min": 18480.0,
      "kv_cache_tokens_max": 18480.0,
      "kv_max_seq_len_seen": 18480.0,
      "kv_evict_calls": 0.0,
      "kv_evicted_tokens_total": 0.0,
      "kv_appended_tokens_total": 443520.0,
      "kv_reused_tokens_total": 7096320.0,
      "kv_cache_hit_rate": 0.9411764705882353
    },
    {
      "sequence": "ambush_5",
      "status": "ok",
      "num_frames": 50,
      "elapsed_sec": 8.687909070402384,
      "fps": 5.75512469051247,
      "latency_ms_per_frame": 173.75818140804768,
      "peak_allocated_mb": 10411.44091796875,
      "peak_reserved_mb": 13484.0,
      "kv_total_layers": 24.0,
      "kv_tracked_layers": 24.0,
      "kv_cache_tokens_mean": 28000.0,
      "kv_cache_tokens_min": 28000.0,
      "kv_cache_tokens_max": 28000.0,
      "kv_max_seq_len_seen": 28000.0,
      "kv_evict_calls": 0.0,
      "kv_evicted_tokens_total": 0.0,
      "kv_appended_tokens_total": 672000.0,
      "kv_reused_tokens_total": 16464000.0,
      "kv_cache_hit_rate": 0.9607843137254902
    },
    {
      "sequence": "ambush_6",
      "status": "ok",
      "num_frames": 20,
      "elapsed_sec": 2.6337149497121572,
      "fps": 7.593836228247036,
      "latency_ms_per_frame": 131.68574748560786,
      "peak_allocated_mb": 8471.92138671875,
      "peak_reserved_mb": 13484.0,
      "kv_total_layers": 24.0,
      "kv_tracked_layers": 24.0,
      "kv_cache_tokens_mean": 11200.0,
      "kv_cache_tokens_min": 11200.0,
      "kv_cache_tokens_max": 11200.0,
      "kv_max_seq_len_seen": 11200.0,
      "kv_evict_calls": 0.0,
      "kv_evicted_tokens_total": 0.0,
      "kv_appended_tokens_total": 268800.0,
      "kv_reused_tokens_total": 2553600.0,
      "kv_cache_hit_rate": 0.9047619047619048
    },
    {
      "sequence": "ambush_7",
      "status": "ok",
      "num_frames": 50,
      "elapsed_sec": 8.577623458579183,
      "fps": 5.829120413299433,
      "latency_ms_per_frame": 171.55246917158365,
      "peak_allocated_mb": 10327.2607421875,
      "peak_reserved_mb": 13484.0,
      "kv_total_layers": 24.0,
      "kv_tracked_layers": 24.0,
      "kv_cache_tokens_mean": 28000.0,
      "kv_cache_tokens_min": 28000.0,
      "kv_cache_tokens_max": 28000.0,
      "kv_max_seq_len_seen": 28000.0,
      "kv_evict_calls": 0.0,
      "kv_evicted_tokens_total": 0.0,
      "kv_appended_tokens_total": 672000.0,
      "kv_reused_tokens_total": 16464000.0,
      "kv_cache_hit_rate": 0.9607843137254902
    },
    {
      "sequence": "bamboo_1",
      "status": "ok",
      "num_frames": 50,
      "elapsed_sec": 7.91923600435257,
      "fps": 6.3137403623934185,
      "latency_ms_per_frame": 158.3847200870514,
      "peak_allocated_mb": 10525.748046875,
      "peak_reserved_mb": 13484.0,
      "kv_total_layers": 24.0,
      "kv_tracked_layers": 24.0,
      "kv_cache_tokens_mean": 28000.0,
      "kv_cache_tokens_min": 28000.0,
      "kv_cache_tokens_max": 28000.0,
      "kv_max_seq_len_seen": 28000.0,
      "kv_evict_calls": 0.0,
      "kv_evicted_tokens_total": 0.0,
      "kv_appended_tokens_total": 672000.0,
      "kv_reused_tokens_total": 16464000.0,
      "kv_cache_hit_rate": 0.9607843137254902
    },
    {
      "sequence": "bamboo_2",
      "status": "ok",
      "num_frames": 50,
      "elapsed_sec": 7.44233269430697,
      "fps": 6.718323683412812,
      "latency_ms_per_frame": 148.8466538861394,
      "peak_allocated_mb": 10528.55859375,
      "peak_reserved_mb": 13484.0,
      "kv_total_layers": 24.0,
      "kv_tracked_layers": 24.0,
      "kv_cache_tokens_mean": 28000.0,
      "kv_cache_tokens_min": 28000.0,
      "kv_cache_tokens_max": 28000.0,
      "kv_max_seq_len_seen": 28000.0,
      "kv_evict_calls": 0.0,
      "kv_evicted_tokens_total": 0.0,
      "kv_appended_tokens_total": 672000.0,
      "kv_reused_tokens_total": 16464000.0,
      "kv_cache_hit_rate": 0.9607843137254902
    },
    {
      "sequence": "bandage_1",
      "status": "ok",
      "num_frames": 50,
      "elapsed_sec": 7.438401352614164,
      "fps": 6.721874449867903,
      "latency_ms_per_frame": 148.7680270522833,
      "peak_allocated_mb": 10535.048828125,
      "peak_reserved_mb": 13704.0,
      "kv_total_layers": 24.0,
      "kv_tracked_layers": 24.0,
      "kv_cache_tokens_mean": 28000.0,
      "kv_cache_tokens_min": 28000.0,
      "kv_cache_tokens_max": 28000.0,
      "kv_max_seq_len_seen": 28000.0,
      "kv_evict_calls": 0.0,
      "kv_evicted_tokens_total": 0.0,
      "kv_appended_tokens_total": 672000.0,
      "kv_reused_tokens_total": 16464000.0,
      "kv_cache_hit_rate": 0.9607843137254902
    },
    {
      "sequence": "bandage_2",
      "status": "ok",
      "num_frames": 50,
      "elapsed_sec": 7.434981441125274,
      "fps": 6.724966349402558,
      "latency_ms_per_frame": 148.69962882250547,
      "peak_allocated_mb": 10535.126953125,
      "peak_reserved_mb": 13704.0,