{"Abs Rel": 0.04213175663930346, "Sq Rel": 0.0158765025358103, "RMSE": 0.21813541042307635, "Log RMSE": 0.0905562103469185, "\u03b4 < 1.": 0.0, "\u03b4 < 1.25": 0.9821001887321472, "\u03b4 < 1.25^2": 0.989361047744751, "\u03b4 < 1.25^3": 0.9916294813156128}