{"Abs Rel": 0.04192417774853748, "Sq Rel": 0.01583567938180202, "RMSE": 0.21791757724040886, "Log RMSE": 0.09044570720679716, "\u03b4 < 1.": 0.0, "\u03b4 < 1.25": 0.982058584690094, "\u03b4 < 1.25^2": 0.9893402457237244, "\u03b4 < 1.25^3": 0.9916238188743591}