{"Abs Rel": 0.05158416416921658, "Sq Rel": 0.03394309398544689, "RMSE": 0.25125198789316794, "Log RMSE": 0.11236990405055611, "\u03b4 < 1.": 0.0, "\u03b4 < 1.25": 0.9718674780258811, "\u03b4 < 1.25^2": 0.9838627074359304, "\u03b4 < 1.25^3": 0.9895468869512593}