{
  "summary": {
    "num_sequences_total": 5,
    "num_sequences_ok": 5,
    "num_sequences_oom_skip": 0,
    "num_sequences_other_skip": 0,
    "total_frames": 550,
    "total_elapsed_sec": 93.97698318958282,
    "overall_fps": 5.852496870329058,
    "avg_latency_ms_per_frame": 170.86724216287786,
    "max_peak_allocated_mb": 10454.39599609375,
    "max_peak_reserved_mb": 11320.0,
    "kv_evicted_tokens_total": 12650400.0,
    "kv_evict_calls_total": 12600.0,
    "kv_appended_tokens_total": 13252800.0,
    "kv_reused_tokens_total": 64456800.0,
    "kv_cache_hit_rate": 0.8294573643410853
  },
  "per_sequence": [
    {
      "sequence": "balloon2",
      "status": "ok",
      "num_frames": 110,
      "elapsed_sec": 19.209775125607848,
      "fps": 5.726251311154758,
      "latency_ms_per_frame": 174.6343193237077,
      "peak_allocated_mb": 9169.9453125,
      "peak_reserved_mb": 9826.0,
      "kv_total_layers": 24.0,
      "kv_obcache_layers": 24.0,
      "kv_has_obcache_stats": 1.0,
      "kv_cache_tokens_mean": 5020.0,
      "kv_cache_tokens_min": 5020.0,
      "kv_cache_tokens_max": 5020.0,
      "kv_max_seq_len_seen": 6024.0,
      "kv_evict_calls": 2520.0,
      "kv_evicted_tokens_total": 2530080.0,
      "kv_appended_tokens_total": 2650560.0,
      "kv_reused_tokens_total": 12891360.0,
      "kv_cache_hit_rate": 0.8294573643410853
    },
    {
      "sequence": "crowd2",
      "status": "ok",
      "num_frames": 110,
      "elapsed_sec": 18.683197950944304,
      "fps": 5.887643019617006,
      "latency_ms_per_frame": 169.84725409949368,
      "peak_allocated_mb": 10446.82470703125,
      "peak_reserved_mb": 11222.0,
      "kv_total_layers": 24.0,
      "kv_obcache_layers": 24.0,
      "kv_has_obcache_stats": 1.0,
      "kv_cache_tokens_mean": 5020.0,
      "kv_cache_tokens_min": 5020.0,
      "kv_cache_tokens_max": 5020.0,
      "kv_max_seq_len_seen": 6024.0,
      "kv_evict_calls": 2520.0,
      "kv_evicted_tokens_total": 2530080.0,
      "kv_appended_tokens_total": 2650560.0,
      "kv_reused_tokens_total": 12891360.0,
      "kv_cache_hit_rate": 0.8294573643410853
    },
    {
      "sequence": "crowd3",
      "status": "ok",
      "num_frames": 110,
      "elapsed_sec": 18.76308349147439,
      "fps": 5.862575842077452,
      "latency_ms_per_frame": 170.57348628613082,
      "peak_allocated_mb": 10454.0712890625,
      "peak_reserved_mb": 11272.0,
      "kv_total_layers": 24.0,
      "kv_obcache_layers": 24.0,
      "kv_has_obcache_stats": 1.0,
      "kv_cache_tokens_mean": 5020.0,
      "kv_cache_tokens_min": 5020.0,
      "kv_cache_tokens_max": 5020.0,
      "kv_max_seq_len_seen": 6024.0,
      "kv_evict_calls": 2520.0,
      "kv_evicted_tokens_total": 2530080.0,
      "kv_appended_tokens_total": 2650560.0,
      "kv_reused_tokens_total": 12891360.0,
      "kv_cache_hit_rate": 0.8294573643410853
    },
    {
      "sequence": "person_tracking2",
      "status": "ok",
      "num_frames": 110,
      "elapsed_sec": 18.63148500211537,
      "fps": 5.903984571681264,
      "latency_ms_per_frame": 169.37713638286698,
      "peak_allocated_mb": 10446.06201171875,
      "peak_reserved_mb": 11320.0,
      "kv_total_layers": 24.0,
      "kv_obcache_layers": 24.0,
      "kv_has_obcache_stats": 1.0,
      "kv_cache_tokens_mean": 5020.0,
      "kv_cache_tokens_min": 5020.0,
      "kv_cache_tokens_max": 5020.0,
      "kv_max_seq_len_seen": 6024.0,
      "kv_evict_calls": 2520.0,
      "kv_evicted_tokens_total": 2530080.0,
      "kv_appended_tokens_total": 2650560.0,
      "kv_reused_tokens_total": 12891360.0,
      "kv_cache_hit_rate": 0.8294573643410853
    },
    {
      "sequence": "synchronous",
      "status": "ok",
      "num_frames": 110,
      "elapsed_sec": 18.689441619440913,
      "fps": 5.885676107389805,
      "latency_ms_per_frame": 169.9040147221901,
      "peak_allocated_mb": 10454.39599609375,
      "peak_reserved_mb": 11320.0,
      "kv_total_layers": 24.0,
      "kv_obcache_layers": 24.0,
      "kv_has_obcache_stats": 1.0,
      "kv_cache_tokens_mean": 5020.0,
      "kv_cache_tokens_min": 5020.0,
      "kv_cache_tokens_max": 5020.0,
      "kv_max_seq_len_seen": 6024.0,
      "kv_evict_calls": 2520.0,
      "kv_evicted_tokens_total": 2530080.0,
      "kv_appended_tokens_total": 2650560.0,
      "kv_reused_tokens_total": 12891360.0,
      "kv_cache_hit_rate": 0.8294573643410853
    }
  ]
}