{"Abs Rel": 0.05851512805452123, "Sq Rel": 0.03442331387578927, "RMSE": 0.2601794144038757, "Log RMSE": 0.1142730499682436, "\u03b4 < 1.": 0.0, "\u03b4 < 1.25": 0.972067936023029, "\u03b4 < 1.25^2": 0.9840362222698364, "\u03b4 < 1.25^3": 0.9900322375496358}