{
  "summary": {
    "num_sequences_total": 5,
    "num_sequences_ok": 5,
    "num_sequences_oom_skip": 0,
    "num_sequences_other_skip": 0,
    "total_frames": 550,
    "total_elapsed_sec": 173.37536837905645,
    "overall_fps": 3.172307607142419,
    "avg_latency_ms_per_frame": 315.22794250737536,
    "max_peak_allocated_mb": 21598.8505859375,
    "max_peak_reserved_mb": 47700.0,
    "kv_evicted_tokens_total": 0.0,
    "kv_evict_calls_total": 0.0,
    "kv_appended_tokens_total": 13252800.0,
    "kv_reused_tokens_total": 722277600.0,
    "kv_cache_hit_rate": 0.9819819819819819
  },
  "per_sequence": [
    {
      "sequence": "balloon2",
      "status": "ok",
      "num_frames": 110,
      "elapsed_sec": 37.897676311433315,
      "fps": 2.902552628716558,
      "latency_ms_per_frame": 344.52433010393923,
      "peak_allocated_mb": 20325.75830078125,
      "peak_reserved_mb": 47700.0,
      "kv_total_layers": 24.0,
      "kv_tracked_layers": 24.0,
      "kv_cache_tokens_mean": 110440.0,
      "kv_cache_tokens_min": 110440.0,
      "kv_cache_tokens_max": 110440.0,
      "kv_max_seq_len_seen": 110440.0,
      "kv_evict_calls": 0.0,
      "kv_evicted_tokens_total": 0.0,
      "kv_appended_tokens_total": 2650560.0,
      "kv_reused_tokens_total": 144455520.0,
      "kv_cache_hit_rate": 0.9819819819819819
    },
    {
      "sequence": "crowd2",
      "status": "ok",
      "num_frames": 110,
      "elapsed_sec": 33.99528439156711,
      "fps": 3.235742896955634,
      "latency_ms_per_frame": 309.0480399233374,
      "peak_allocated_mb": 21586.845703125,
      "peak_reserved_mb": 40906.0,
      "kv_total_layers": 24.0,
      "kv_tracked_layers": 24.0,
      "kv_cache_tokens_mean": 110440.0,
      "kv_cache_tokens_min": 110440.0,
      "kv_cache_tokens_max": 110440.0,
      "kv_max_seq_len_seen": 110440.0,
      "kv_evict_calls": 0.0,
      "kv_evicted_tokens_total": 0.0,
      "kv_appended_tokens_total": 2650560.0,
      "kv_reused_tokens_total": 144455520.0,
      "kv_cache_hit_rate": 0.9819819819819819
    },
    {
      "sequence": "crowd3",
      "status": "ok",
      "num_frames": 110,
      "elapsed_sec": 33.81416963972151,
      "fps": 3.253074115733511,
      "latency_ms_per_frame": 307.4015421792865,
      "peak_allocated_mb": 21592.09912109375,
      "peak_reserved_mb": 40906.0,
      "kv_total_layers": 24.0,
      "kv_tracked_layers": 24.0,
      "kv_cache_tokens_mean": 110440.0,
      "kv_cache_tokens_min": 110440.0,
      "kv_cache_tokens_max": 110440.0,
      "kv_max_seq_len_seen": 110440.0,
      "kv_evict_calls": 0.0,
      "kv_evicted_tokens_total": 0.0,
      "kv_appended_tokens_total": 2650560.0,
      "kv_reused_tokens_total": 144455520.0,
      "kv_cache_hit_rate": 0.9819819819819819
    },
    {
      "sequence": "person_tracking2",
      "status": "ok",
      "num_frames": 110,
      "elapsed_sec": 33.83343116939068,
      "fps": 3.251222125514651,
      "latency_ms_per_frame": 307.5766469944607,
      "peak_allocated_mb": 21586.203125,
      "peak_reserved_mb": 40908.0,
      "kv_total_layers": 24.0,
      "kv_tracked_layers": 24.0,
      "kv_cache_tokens_mean": 110440.0,
      "kv_cache_tokens_min": 110440.0,
      "kv_cache_tokens_max": 110440.0,
      "kv_max_seq_len_seen": 110440.0,
      "kv_evict_calls": 0.0,
      "kv_evicted_tokens_total": 0.0,
      "kv_appended_tokens_total": 2650560.0,
      "kv_reused_tokens_total": 144455520.0,
      "kv_cache_hit_rate": 0.9819819819819819
    },
    {
      "sequence": "synchronous",
      "status": "ok",
      "num_frames": 110,
      "elapsed_sec": 33.834806866943836,
      "fps": 3.251089933291996,
      "latency_ms_per_frame": 307.58915333585304,
      "peak_allocated_mb": 21598.8505859375,
      "peak_reserved_mb": 40908.0,
      "kv_total_layers": 24.0,
      "kv_tracked_layers": 24.0,
      "kv_cache_tokens_mean": 110440.0,
      "kv_cache_tokens_min": 110440.0,
      "kv_cache_tokens_max": 110440.0,
      "kv_max_seq_len_seen": 110440.0,
      "kv_evict_calls": 0.0,
      "kv_evicted_tokens_total": 0.0,
      "kv_appended_tokens_total": 2650560.0,
      "kv_reused_tokens_total": 144455520.0,
      "kv_cache_hit_rate": 0.9819819819819819
    }
  ]
}