{"Abs Rel": 0.03588450426784576, "Sq Rel": 0.013611965376502722, "RMSE": 0.18818932593307167, "Log RMSE": 0.08047124707634878, "\u03b4 < 1.": 0.0, "\u03b4 < 1.25": 0.9864885144679889, "\u03b4 < 1.25^2": 0.991681053441018, "\u03b4 < 1.25^3": 0.994723588852063}